hour,open,high,low,close,impact_p90,tier,base_250,base_500,base_1500,quote_250,quote_500,quote_1500
2026-09-02 14:15:00,0.06000518657327244,0.06225693555841649,0.06000518657327244,0.06225693555841649,0.02869033899512228,Moderate,-9525.959703806233,-18709.64852587886,-52398.96835844001,9765.625393025071,14613.077207553803,17841.497334892338
2026-09-02 14:30:00,0.06227289344267373,0.08233422073004551,0.06227289344267373,0.08017316433004079,0.11262572914749794,Very Thin,-241624.2654091347,-265811.2879804519,-361469.712961384,25863.69296098754,28297.93026887456,38370.971448276425
2026-09-02 14:45:00,0.08017689548540216,0.08027147121133037,0.0743266501025482,0.07923430789693607,0.10960781929718615,Very Thin,-128697.00248857566,-240447.52771348588,-314393.184363433,7373.959536108402,9778.177584567235,19726.997006535945
2026-09-02 15:00:00,0.07929395660297274,0.08392185925565901,0.07523429435141134,0.0801669535804771,0.10721065780772147,Very Thin,-48612.50012805788,-79912.05997728372,-182976.33971645575,2387.515875210055,4805.842230195519,14813.042793622311
2026-09-02 15:15:00,0.0801105772135583,0.0801195642689909,0.06331743692395503,0.0642622450478736,0.12101434479293176,Very Thin,-2085.1399251106304,-4095.3600833005285,-11469.624516166692,2137.6004133772008,4302.786190683571,13262.473656320923
2026-09-02 15:30:00,0.06441282715171014,0.0737201757986977,0.06436408551290325,0.06644078387558112,0.11842006258823053,Very Thin,-2120.189263247406,-4164.199425266445,-15143.07608794171,2173.531565424855,4375.112180086652,13485.403982536738
2026-09-02 15:45:00,0.06659465010275069,0.06861996847730494,0.06176640625100596,0.0661959269101563,0.10129860346901239,Very Thin,-15625.127448652795,-18052.918864055973,-28050.716777895366,2581.631624783044,5196.5787595439615,16017.409614884902
2026-09-02 16:00:00,0.06620139837029235,0.06994973132333188,0.057844283691473715,0.06111207648746661,0.10421524754859342,Very Thin,-2419.6404609636907,-4752.342440157247,-13309.65030115372,2480.5167208650164,4993.044081346864,15390.054875859876
2026-09-02 16:15:00,0.061049858109176285,0.06188600769382882,0.055087889265563114,0.056302641789008054,0.1083664559454068,Very Thin,-2322.4785109250856,-4561.5096010696825,-12775.140961229896,2380.9102522219146,4792.545739796123,14772.0590343025
2026-09-02 16:30:00,0.05630237488118699,0.058795569702731844,0.05168021487951958,0.05273407733767165,0.10960758594298561,Very Thin,-2647.029014094774,-8253.600864547092,-17425.708188310113,3348.9854186533803,9703.791549836278,19361.868259254592
2026-09-02 16:45:00,0.052677375836099466,0.0555178009368612,0.05209574602204473,0.0547233924686865,0.10976370524337908,Very Thin,-3345.1903589813046,-9572.738192727096,-17772.78760229358,2752.714947893914,9031.037649862448,19734.037213619788
2026-09-02 17:00:00,0.05471706753098744,0.05704366666937685,0.05303069755799595,0.05499189072717506,0.10849633033042082,Very Thin,-3118.143456058538,-9204.897851476653,-17821.646087079676,2969.9904525814673,9459.773883089434,19793.937640749686
2026-09-02 17:15:00,0.055086977927403656,0.05551159359740661,0.05230552278275185,0.052473348056622814,0.10941567197959294,Very Thin,-2527.3716616504457,-6533.443424766171,-17513.423841371063,4440.702780586984,9561.401290728172,19195.572550283137
2026-09-02 17:30:00,0.052383831913328176,0.05617373097149104,0.052255577927769976,0.052845807218224496,0.11105340296840853,Very Thin,-2526.0841946270775,-6814.235009218981,-17514.960274944733,4199.696514356478,9653.182020518982,19321.484800393315
2026-09-02 17:45:00,0.05291658996068954,0.053539336723685195,0.05047409948874302,0.05078468612416551,0.11000758221901985,Very Thin,-2205.7368773468456,-4332.220899406051,-12132.986117604534,2261.2314905283233,4551.643782671303,14029.52716808016
2026-09-02 18:00:00,0.05081291196568982,0.05110508129257908,0.04393762282211938,0.046002153268317095,0.120179968940019,Very Thin,-5114.157576420333,-8359.756856800652,-15784.173364934411,2477.82234499743,5838.6314614630655,18138.386069674594
2026-09-02 18:15:00,0.04588594922957136,0.04601756258735857,0.04224415618241314,0.043861675858205114,0.12301829443265988,Very Thin,-2742.814289144661,-12054.821069629448,-26085.262998101516,3653.2229728792327,14697.911049517937,27873.30686716921
2026-09-02 18:30:00,0.04391210802926091,0.04614387809150455,0.04348614620476621,0.04503614967104465,0.12036617842582098,Very Thin,-5243.869579926219,-13903.992639847584,-26752.897751209734,4324.064400110445,11392.7350880124,28180.32434887996
2026-09-02 18:45:00,0.04503873979076421,0.04503873979076421,0.044258687049176196,0.0443727867595944,0.09299890531800906,Thin,-3166.2748751429845,-10254.93194374484,-27363.35882541044,5927.692249827464,13567.07125341976,27155.88263731108
2026-09-02 19:00:00,0.04432131830865626,0.04567815756785781,0.04365724444790325,0.04556089088916613,0.11755491186295104,Very Thin,-3320.843002872124,-13984.885873211068,-26839.712616839613,2643.381295962449,13579.38035457392,28620.246963201313
2026-09-02 19:15:00,0.04542076598877874,0.045908247636741305,0.04482022174193453,0.045283991510339246,0.11638010632013107,Very Thin,-2458.782763240867,-11582.550909608419,-26732.92497355011,4209.702817786072,15411.361883210206,28558.3158922477
2026-09-02 19:30:00,0.045283991663506495,0.0492249463912044,0.045283991663506495,0.04872073052829888,0.11519344166121422,Very Thin,-4057.116278997631,-12125.095915202386,-28035.915179801366,4971.309390317372,15396.06246069992,30145.25676917984
2026-09-02 19:45:00,0.048618020359344566,0.048618020359344566,0.045428912416951885,0.045971685445338646,0.11417489374972126,Very Thin,-2430.0798243050604,-10644.540693479392,-27280.52198456516,5275.388266576649,14742.094191248332,28649.652218761228
2026-09-02 20:00:00,0.045962236175560695,0.04607609314512883,0.04534044071222688,0.04555865071952554,0.11512094132105892,Very Thin,-3245.4302724701643,-11671.486475611378,-26858.05637912512,4794.184428958631,15761.932360531073,28714.311356446564
2026-09-02 20:15:00,0.04553545429730448,0.046115593865618774,0.04553545429730448,0.045929558131217706,0.09195552287248047,Thin,-3995.08726760032,-13363.084628610319,-26875.55827892526,2987.1461920436627,12781.553552617577,28922.05393613641
2026-09-02 20:30:00,0.04595910974768153,0.046129261616059104,0.04019802061604456,0.04191119242907148,0.1265160207335212,Very Thin,-2642.3217997906772,-12425.476960155864,-25164.291567570523,2702.5863205260002,13301.5935211642,26885.233894113546
2026-09-02 20:45:00,0.04201429449148657,0.042160305302665436,0.03947548080421782,0.04033781626938793,0.12427273521973403,Very Thin,-7189.108382140786,-15749.741845586579,-24155.997842644505,2296.0777127543383,7416.3782757969175,25973.85139764828
2026-09-02 21:00:00,0.04025853461507833,0.0421505463718043,0.039946572340958476,0.0414539154847561,0.12235133314312545,Very Thin,-3638.160007452493,-11295.646916329022,-24844.696167303733,3788.652265015387,12851.542831404142,26768.49929282678
2026-09-02 21:15:00,0.041437500977294275,0.041437500977294275,0.04072020767375745,0.041183780265439784,0.1225601026791914,Very Thin,-4919.796003364033,-14537.799734343467,-24764.147687478835,2359.5956848288592,10403.332633626895,26410.350770901332
2026-09-02 21:30:00,0.04120391432299572,0.04174452200176628,0.041000088590991676,0.04113235040353281,0.12231636495652429,Very Thin,-4556.229775064043,-14284.208730314453,-24744.238537593334,2382.8607681332037,10831.812390231911,26398.261106473525
2026-09-02 21:45:00,0.041181182859795766,0.04142497563227149,0.041181086525890254,0.041395437879500056,0.1221220507325635,Very Thin,-6351.308327868865,-15515.912810024396,-24778.934920173047,2330.9651478242117,8709.714021785396,26526.989488051273
2026-09-02 22:00:00,0.041313580409863965,0.041638310038398886,0.03527590181917724,0.035534170096003966,0.12727461226715664,Very Thin,-1845.0596287794467,-3623.8256550633037,-10149.432897670462,1891.4798847254085,3807.368990490548,11735.449705961862
2026-09-02 22:15:00,0.03562874075332455,0.03797708772976488,0.03562874075332455,0.037232764793400625,0.13417150970103392,Very Thin,-2139.1910989427683,-7897.08630223577,-22881.568434768513,5205.679119655087,13635.951265926378,24346.98212031105
2026-09-02 22:30:00,0.037374915500157896,0.03885385408401229,0.037289535559566996,0.03885385408401229,0.12769699731111195,Very Thin,-6265.8395874814205,-12525.188128765643,-22657.97939002419,2898.742483546938,8565.194746185607,25930.370000120965
2026-09-02 22:45:00,0.03884489040690692,0.03916120149863832,0.03857854254171369,0.03857854254171369,0.12565534913289386,Very Thin,-2268.113101450005,-9904.213730756279,-23571.493121388925,3627.0793914047617,12383.304450580134,25037.72203745859
2026-09-02 23:00:00,0.03836532775099541,0.03951636351168294,0.03695078086290814,0.038155465138935675,0.12883363763013067,Very Thin,-2369.06373595478,-5465.216361008916,-23697.03354177963,8571.883388151165,16595.891010962117,24811.18956216236
2026-09-02 23:15:00,0.03817086223731082,0.04087677604849548,0.03817086223731082,0.04008848024552049,0.12563115823366014,Very Thin,-2277.7893345953275,-5987.434761459317,-24584.885199090288,8461.464473721011,16696.451346216516,25934.464666148964
2026-09-02 23:30:00,0.04011901823271844,0.0405071425167485,0.039922507528439496,0.040318185668707124,0.09969829802629926,Thin,-2240.616643152004,-7506.436116622174,-24563.19698837257,6604.474063447148,15744.139356047073,26101.380231979463
2026-09-02 23:45:00,0.04033020075100197,0.040880473947650015,0.03969502960191409,0.0405260226771255,0.12254869529224355,Very Thin,-5391.9267456940215,-13832.836009487422,-24456.877950900605,3422.372870391169,9948.965447284601,26014.231928576384
2026-09-03 00:00:00,0.04057491813507517,0.04311203571550859,0.04036700262033503,0.04263796960808673,0.12324933204752084,Very Thin,-5663.036664041902,-15353.073149194528,-25463.41277670256,2362.569259164077,9939.02468721261,27150.113248127433
2026-09-03 00:15:00,0.04244859484731073,0.04460786692171408,0.040608291997583826,0.041255789275888015,0.12269398205891462,Very Thin,-2527.0148968129993,-11659.354449327227,-24857.3208893674,3216.00022149222,13735.013684402169,26579.803039116865
2026-09-03 00:30:00,0.04131630190855704,0.04178810138155807,0.039515539742873286,0.03972316423080698,0.12496511010555411,Very Thin,-2981.4620510441346,-11956.43360886248,-24051.309089992417,2686.964284301404,12277.830866771106,25730.38423203981
2026-09-03 00:45:00,0.039761504312753805,0.04120811167296739,0.03942223967422615,0.04093295394783596,0.12538589636743774,Very Thin,-3166.9309091755113,-12860.71990702512,-24675.622485045467,2456.00485403976,12312.981489963187,26363.21987389926
2026-09-03 01:00:00,0.04097280355594189,0.04148006574382321,0.04075619955910932,0.04143779508537486,0.12247709416393042,Very Thin,-6708.816197039556,-15424.21930308007,-24729.523645817873,2333.3142776591512,8295.618973251881,26622.951349881638
2026-09-03 01:15:00,0.04143232217295556,0.04143232217295556,0.04007052414195091,0.04096900477426798,0.12273534549075496,Very Thin,-3421.247383764731,-13173.786501129332,-24689.509105415964,2403.1411296263245,12011.824515127513,26371.81196257567
2026-09-03 01:30:00,0.04098895561201869,0.04372691615184082,0.040589755943509706,0.04075681386444783,0.12525302016319953,Very Thin,-2416.8077318956007,-6153.680803601987,-25051.428414176087,8740.31019495388,16529.524747865282,26169.708195007883
2026-09-03 01:45:00,0.040711409294393444,0.040993149127676605,0.03942778297754358,0.03942778297754358,0.09839179382336782,Thin,-2157.911099092833,-4081.607133186659,-20279.419847438647,6863.542990365821,13410.599610936075,21761.74709005338
2026-09-03 02:00:00,0.03946530759638833,0.041069463156350225,0.03946530759638833,0.04081390333900198,0.12203307904954967,Very Thin,-2892.686987516968,-11592.198596665528,-24642.391583662487,3466.4273184573563,13567.671658103345,26369.982215845055
2026-09-03 02:15:00,0.040765478652507375,0.04100125636679055,0.040372136803117464,0.040908445414861654,0.12264189561318894,Very Thin,-3110.240660780739,-12070.978704886817,-24678.081469658173,2975.297087485224,12777.258323441909,26393.317732793817
2026-09-03 02:30:00,0.04085997107858852,0.04437157503502671,0.040493690471323125,0.04343727409965674,0.12215152553383479,Very Thin,-2734.7823567292066,-12124.371747194584,-25914.705022076145,3481.886118381358,14440.68376435884,27689.73799413499
2026-09-03 02:45:00,0.043386925849356876,0.044469027039599096,0.04165836146632936,0.04165836146632936,0.12025950498945563,Very Thin,-2285.4982548013563,-8486.768607550128,-25166.864616710816,5974.707776777181,15829.757734563109,26848.88991245718
2026-09-03 03:00:00,0.04169795222638358,0.0422416208269762,0.04064484827308297,0.041670993496757264,0.12247662247564206,Very Thin,-2276.015353699614,-9082.000183288897,-25132.777060419772,5426.15083361567,15381.434087804219,26853.97074049081
2026-09-03 03:15:00,0.04159161372121908,0.042495216788758165,0.041390783279501374,0.042390335489369727,0.1212713350734294,Very Thin,-4926.358292061329,-14609.229160845627,-25369.264303978624,2360.8700705002952,10637.938607526034,27064.249404862374
2026-09-03 03:30:00,0.042430329655856275,0.0433436851088707,0.04033142025675072,0.04072005671638041,0.12255230744275072,Very Thin,-2924.53143237011,-12526.279454912945,-24580.332087460713,2525.4428037122734,12547.466348745951,26269.68861392861
2026-09-03 03:45:00,0.040768525358353284,0.04189231980179286,0.040605887874179895,0.04151934526174878,0.12240129489336979,Very Thin,-6484.178192095629,-14234.089921814353,-24656.5253612589,2395.5866059897307,8945.672703220796,26826.366203056787
2026-09-03 04:00:00,0.041479511574019516,0.04177270957566132,0.0411386778388408,0.04131446807783312,0.0984019429356413,Thin,-4820.047768629946,-13322.0279760899,-24676.291483780373,2328.591177236952,10249.391769602256,26680.767362734907
2026-09-03 04:15:00,0.041274702358317227,0.04224560525660886,0.04112272355975309,0.04124710061646724,0.09852965627795622,Thin,-2305.6476879447814,-7114.069953542093,-25162.31132039173,7647.015894021629,16128.468489057757,26511.549513422437
2026-09-03 04:30:00,0.04129588389424154,0.04193845704090703,0.04129588389424154,0.04189257522401362,0.09767689948421868,Thin,-2534.4995356160766,-11972.536724520407,-25176.326595971095,3069.2724854919957,13379.82480682773,26901.22356230915
2026-09-03 04:45:00,0.041793498976031004,0.04285124852291679,0.041744030848304574,0.042732789052780176,0.12127056364543076,Very Thin,-4237.370049487,-12387.097048238398,-25391.78152943671,2997.0623746018314,11923.657598290654,27474.614355883976
2026-09-03 05:00:00,0.04268148049793867,0.042817425561393285,0.041843135274727064,0.042232891584826585,0.12086677669740546,Very Thin,-3036.132975601261,-10109.756203014625,-25377.260691405856,5435.418091717262,15795.471492972743,27179.942286837042
2026-09-03 05:15:00,0.04228246095090137,0.04332300705936922,0.04212525212293966,0.04217618229386817,0.12083225334473169,Very Thin,-2904.2320073269443,-9725.1731548007,-25354.975831143835,5733.516438554584,16273.813325750874,27166.98170246727
2026-09-03 05:30:00,0.04222571837882371,0.042816741809131205,0.041060968385819505,0.041418691415466655,0.12066063704835764,Very Thin,-2265.096191842749,-8543.378766137334,-25140.00109656773,5955.618779228267,15112.486804768701,26624.641714968126
2026-09-03 05:45:00,0.041484034334080815,0.041627005824648934,0.040733485946453984,0.04125431465140969,0.09798242598115037,Thin,-4238.864596266181,-11878.810789231327,-25087.64344071288,4714.181787361286,11223.721024578761,26305.218073326003
2026-09-03 06:00:00,0.04117544936753895,0.041273896900715826,0.0395906892645683,0.03976703212970157,0.10186048226575932,Very Thin,-2296.814604651366,-8845.037841014635,-24415.621162856267,5536.706510899221,13398.617239207653,25605.29244666752
2026-09-03 06:15:00,0.03981350417484502,0.04092729884564541,0.03981350417484502,0.04086912253415539,0.12302752613499068,Very Thin,-3278.0972895682344,-12821.948071589055,-24659.07239486875,2348.912365580284,11960.674411792506,26351.271897558556
2026-09-03 06:30:00,0.04082050556462113,0.041020146787840085,0.03981889401119892,0.04027575915686207,0.1228281972845632,Very Thin,-2238.652352465281,-9554.667742029314,-24423.610222447584,4576.713821410956,14262.319668433995,26114.163012317993
2026-09-03 06:45:00,0.040314935869935856,0.0405079168674435,0.03989907475554022,0.04048667759153245,0.12284492733872616,Very Thin,-2325.6191078247484,-11360.726991716552,-24485.24485967727,3120.7931927258805,13311.437320092164,26184.63558784575
2026-09-03 07:00:00,0.04054502804003085,0.041177470118159996,0.0402132835275269,0.04086779767953023,0.12284000490558436,Very Thin,-4773.330678903888,-14297.23879901532,-24629.852991557076,2345.274009646831,10441.831614888102,26278.06873015086
2026-09-03 07:15:00,0.040926674500481666,0.041087324409021374,0.040037229211141424,0.04045743148638861,0.12246823249276984,Very Thin,-2310.9711280310485,-11107.447185033981,-24474.131441339403,3325.0182357562894,13445.78204850111,26178.447654053267
2026-09-03 07:30:00,0.04053548073822138,0.042099508638740894,0.040432654541110995,0.041892478834892506,0.12245271819963402,Very Thin,-5351.575288602533,-15246.777178007409,-25139.78069016503,2482.9725311150405,10418.655636820615,26775.068634876265
2026-09-03 07:45:00,0.041842995520210896,0.04267233578579176,0.04140284264569974,0.04240906936095557,0.12196989488620587,Very Thin,-4319.852145609924,-13281.356038436328,-25268.540966587265,2366.312700188206,11015.947911678752,27258.332131108837
2026-09-03 08:00:00,0.04236896585360289,0.043068042072239056,0.04153847403132155,0.04244214247615198,0.0966886892024406,Thin,-4588.690725545458,-13428.598417069712,-25265.185228096307,2367.353423888825,10804.607366676984,27282.05276662383
2026-09-03 08:15:00,0.04243231636395638,0.04243231636395638,0.04055739283046929,0.04108414456698511,0.099871807490273,Thin,-2264.3375169067313,-9291.082994418119,-25022.16808026217,5248.34165002819,13993.259470090283,26385.13297553395
2026-09-03 08:30:00,0.041004333654884775,0.041401913951365464,0.040509938965234374,0.04074558990813979,0.09817914576325068,Thin,-2642.514881058196,-7263.489773039029,-25277.92428784561,7766.115345968878,15169.753820831465,25914.815689396222
2026-09-03 08:45:00,0.04077341089399466,0.04188506982910446,0.04077341089399466,0.041716842124415766,0.12138057689288773,Very Thin,-4624.40395701327,-14226.18847474739,-25071.50340059711,2890.3677035291503,11279.740112107813,26730.99358604083
2026-09-03 09:00:00,0.041699666834684436,0.041869096359460976,0.04130287633570649,0.04163455432079711,0.12142550296241286,Very Thin,-4168.070032161151,-13508.836336422028,-25039.83596629426,3075.822690793805,11656.835985555428,26711.51227004562
2026-09-03 09:15:00,0.041659168012982736,0.04240243867495973,0.04141047068627115,0.04141047068627115,0.12131096875506805,Very Thin,-2272.645942774506,-7010.702521688724,-25060.650573832434,7487.887208765315,17407.687876855303,26824.572800592225
2026-09-03 09:30:00,0.041431845640817366,0.041936395359519194,0.04119674084998416,0.04166280785444843,0.12137723004681455,Very Thin,-2365.6943398852004,-9159.439825628575,-25122.13645367392,5743.004312408391,16269.027062758702,26920.59206082219
2026-09-03 09:45:00,0.04156480081343551,0.042367169689739165,0.041495991300792824,0.04189702250877458,0.12099465316314517,Very Thin,-2831.512855128755,-11193.061005544161,-25212.481187549645,4094.803566682923,14612.004229764245,26976.100136633188
2026-09-03 10:00:00,0.04182329996719827,0.04226786953034214,0.040879189652757913,0.041790856220181506,0.12166524457296202,Very Thin,-4712.850704917322,-14443.219315751974,-25106.570078058943,2717.502071101598,11200.11317236801,26762.196145845886
2026-09-03 10:15:00,0.041754819508647005,0.04214702188688274,0.039913214358522915,0.03999324754648532,0.12178472043305386,Very Thin,-2245.411653072313,-7492.435088400904,-24510.38832717884,6819.368964276561,15198.003200293846,25868.12659816477
2026-09-03 10:30:00,0.039967170541154014,0.04039394158230132,0.039051174815283696,0.039928028212369154,0.12440449453430011,Very Thin,-4006.5735597666717,-12833.852520418728,-24088.49276962186,2291.7599572831477,10592.245588187241,25900.533379897195
2026-09-03 10:45:00,0.039963870226404505,0.040379779020463635,0.039279388506932876,0.040241977313886595,0.12395612371830853,Very Thin,-6471.878254099738,-14227.19300872886,-24058.103688886134,2331.0932018807143,8469.378122680582,26126.066573347664
2026-09-03 11:00:00,0.0402133378922071,0.0403287168376562,0.03780525666942182,0.03796629943431277,0.12426356251002794,Very Thin,-2319.4980554694666,-10375.002309167261,-23161.584106137812,3406.628986372892,13105.73525946411,24824.24434006444
2026-09-03 11:15:00,0.03798416543411473,0.038662143796574996,0.03711955778827837,0.038331406385524694,0.12785505003486333,Very Thin,-3778.9334979143086,-12532.233111708132,-23298.53421780728,2226.333843215774,10470.631096663568,24937.856526649324
2026-09-03 11:30:00,0.03834721347351421,0.03864499244754687,0.037952828926455955,0.03856137280238365,0.12746475479796282,Very Thin,-5357.0508183154725,-13545.849278362482,-23278.34112504618,2233.8261212207403,8702.562047730285,25102.284901237326
2026-09-03 11:45:00,0.03854176480897746,0.0390765362424786,0.03840639461279028,0.039023572047542844,0.10268723469619956,Very Thin,-8837.131272136576,-15346.325526799035,-22991.177379285975,2644.3270233658773,6051.00780264841,25675.998275202594
2026-09-03 12:00:00,0.03900179121362569,0.039172802376715235,0.038238178113275754,0.038733724781261136,0.10257908988331435,Very Thin,-4210.972571757672,-10232.27723142327,-23355.41341839407,3880.698053936459,11840.7689326014,25437.60927385461
2026-09-03 12:15:00,0.03880204826643498,0.039156929474918285,0.03824128398405676,0.0388863209543829,0.10287402193301087,Very Thin,-4717.075765091651,-10901.584379629065,-23339.909801342827,3236.652139652536,10875.026531914173,25548.37559423352
2026-09-03 12:30:00,0.038909137694409866,0.03960050957727786,0.038909137694409866,0.03905177698626208,0.12526811410101213,Very Thin,-2265.9172796986772,-10960.327063266986,-23747.024531493043,3046.0162854453306,12833.657455095665,25418.24805549176
2026-09-03 12:45:00,0.03900420062019769,0.03959408261907724,0.038979397656800176,0.03934864400069895,0.12525376678265296,Very Thin,-4126.228369594525,-13507.206077724899,-23861.988662136257,2335.008945533524,10734.99082244868,25489.867588100602
2026-09-03 13:00:00,0.03931869372506454,0.03947293150647958,0.039086102608874955,0.039205996060730275,0.12529007114046414,Very Thin,-3123.304072339989,-12292.547690795469,-23806.77796746867,2581.4825181090405,11920.854997738894,25455.487441964924
2026-09-03 13:15:00,0.03919337170979938,0.039504527836893934,0.03915327871913341,0.03934325793692053,0.1252292557308658,Very Thin,-4088.327592343555,-13480.410096277777,-23859.905064450693,2337.419830346829,10779.727286897101,25488.570604670826
2026-09-03 13:30:00,0.039375183614183434,0.040199279963611584,0.0392234065700608,0.03963528940990029,0.1249401883372756,Very Thin,-3620.8319834641998,-12432.266031609992,-23957.572179402967,2276.5945628054124,10913.58396180494,25750.119442590898
2026-09-03 13:45:00,0.03975477085674549,0.03994157531792774,0.039348398330830404,0.039523693162845396,0.12478089916259627,Very Thin,-3230.4031139624235,-11938.707921872063,-23968.01061294999,2617.1060719469106,11789.086395602562,25669.756336168357
2026-09-03 14:00:00,0.03951494290497929,0.03966509842926097,0.039201557409245386,0.03924949329593049,0.12500107256396892,Very Thin,-2613.915096274368,-10260.220474637055,-23876.78600061182,4130.443125514112,14062.28567858582,25588.579195678707
